<?xml version="1.0" encoding="utf-8" standalone="no"?>
<mets ID="sort-mets_mets" OBJID="sword-mets" LABEL="DSpace SWORD Item"
	PROFILE="DSpace METS SIP Profile 1.0" xmlns="http://www.loc.gov/METS/"
	xmlns:xlink="http://www.w3.org/1999/xlink"
	xmlns:xsi="http://www.w3.org/2001/XMLSchema-instance"
	xmlns:dc="http://purl.org/dc/elements/1.1/"
	xmlns:dcterms="http://purl.org/dc/terms/"
	xsi:schemaLocation="http://www.loc.gov/METS/ http://www.loc.gov/standards/mets/mets.xsd">

	<metsHdr CREATEDATE="2007-09-01T00:00:00">
		<agent ROLE="CUSTODIAN" TYPE="ORGANIZATION">
			<name>Louise Davies</name>
		</agent>
	</metsHdr>
	
	<dmdSec ID="sword-mets-dmd-1" GROUPID="sword-mets-dmd-1_group-1">
		<mdWrap LABEL="SWAP Metadata" MDTYPE="QDC" MIMETYPE="text/xml">
			<xmlData>
				
			</xmlData>
		</mdWrap>
	</dmdSec>

	<fileSec>
		<fileGrp ID="sword-mets-fgrp-1" USE="CONTENT">
			
		</fileGrp>
	</fileSec>
	
	<structMap ID="sword-mets-struct-1" LABEL="structure"
		TYPE="LOGICAL">
			
	</structMap>

</mets>
